Autauga,Alabama
Baldwin,Alabama
Barbour,Alabama
Bibb,Alabama
Blount,Alabama
Bullock,Alabama
Butler,Alabama
Calhoun,Alabama
Chambers,Alabama
Cherokee,Alabama
Chilton,Alabama
Choctaw,Alabama
Clarke,Alabama
Clay,Alabama
Cleburne,Alabama
Coffee,Alabama
Colbert,Alabama
Conecuh,Alabama
Coosa,Alabama
Covington,Alabama
Crenshaw,Alabama
Cullman,Alabama
Dale,Alabama
Dallas,Alabama
DeKalb,Alabama
Elmore,Alabama
Escambia,Alabama
Etowah,Alabama
Fayette,Alabama
Franklin,Alabama
Geneva,Alabama
Greene,Alabama
Hale,Alabama
Henry,Alabama
Houston,Alabama
Jackson,Alabama
Jefferson,Alabama
Lamar,Alabama
Lauderdale,Alabama
Lawrence,Alabama
Lee,Alabama
Limestone,Alabama
Lowndes,Alabama
Macon,Alabama
Madison,Alabama
Marengo,Alabama
Marion,Alabama
Marshall,Alabama
Mobile,Alabama
Monroe,Alabama
Montgomery,Alabama
Morgan,Alabama
Perry,Alabama
Pickens,Alabama
Pike,Alabama
Randolph,Alabama
Russell,Alabama
St_Clair,Alabama
Shelby,Alabama
Sumter,Alabama
Talladega,Alabama
Tallapoosa,Alabama
Tuscaloosa,Alabama
Walker,Alabama
Washington,Alabama
Wilcox,Alabama
Winston,Alabama
Aleutians_East_Borough,Alaska
Aleutians_West,Alaska
Anchorage,Alaska
Bethel,Alaska
Bristol_Bay_Borough,Alaska
Chugach,Alaska
Copper_River,Alaska
Denali_Borough,Alaska
Dillingham,Alaska
Fairbanks_North_Star_Borough,Alaska
Haines_Borough,Alaska
Hoonah_Angoon,Alaska
Juneau,Alaska
Kenai_Peninsula_Borough,Alaska
Ketchikan_Gateway_Borough,Alaska
Kodiak_Island_Borough,Alaska
Kusilvak,Alaska
Lake_and_Peninsula_Borough,Alaska
Matanuska-Susitna_Borough,Alaska
Nome,Alaska
North_Slope_Borough,Alaska
Northwest_Arctic_Borough,Alaska
Petersburg_Borough,Alaska
Prince_of_Wales,Alaska
Sitka,Alaska
Skagway,Alaska
Southeast_Fairbanks,Alaska
Wrangell,Alaska
Yakutat,Alaska
Yukon_Koyukuk,Alaska
Eastern_District,American_Samoa
Manua_District,American_Samoa
Rose_Atoll,American_Samoa
Swains_Island,American_Samoa
Western_District,American_Samoa
Apache,Arizona
Cochise,Arizona
Coconino,Arizona
Gila,Arizona
Graham,Arizona
Greenlee,Arizona
La_Paz,Arizona
Maricopa,Arizona
Mohave,Arizona
Navajo,Arizona
Pima,Arizona
Pinal,Arizona
Santa_Cruz,Arizona
Yavapai,Arizona
Yuma,Arizona
Arkansas,Arkansas
Ashley,Arkansas
Baxter,Arkansas
Benton,Arkansas
Boone,Arkansas
Bradley,Arkansas
Calhoun,Arkansas
Carroll,Arkansas
Chicot,Arkansas
Clark,Arkansas
Clay,Arkansas
Cleburne,Arkansas
Cleveland,Arkansas
Columbia,Arkansas
Conway,Arkansas
Craighead,Arkansas
Crawford,Arkansas
Crittenden,Arkansas
Cross,Arkansas
Dallas,Arkansas
Desha,Arkansas
Drew,Arkansas
Faulkner,Arkansas
Franklin,Arkansas
Fulton,Arkansas
Garland,Arkansas
Grant,Arkansas
Greene,Arkansas
Hempstead,Arkansas
Hot_Spring,Arkansas
Howard,Arkansas
Independence,Arkansas
Izard,Arkansas
Jackson,Arkansas
Jefferson,Arkansas
Johnson,Arkansas
Lafayette,Arkansas
Lawrence,Arkansas
Lee,Arkansas
Lincoln,Arkansas
Little_River,Arkansas
Logan,Arkansas
Lonoke,Arkansas
Madison,Arkansas
Marion,Arkansas
Miller,Arkansas
Mississippi,Arkansas
Monroe,Arkansas
Montgomery,Arkansas
Nevada,Arkansas
Newton,Arkansas
Ouachita,Arkansas
Perry,Arkansas
Phillips,Arkansas
Pike,Arkansas
Poinsett,Arkansas
Polk,Arkansas
Pope,Arkansas
Prairie,Arkansas
Pulaski,Arkansas
Randolph,Arkansas
St_Francis,Arkansas
Saline,Arkansas
Scott,Arkansas
Searcy,Arkansas
Sebastian,Arkansas
Sevier,Arkansas
Sharp,Arkansas
Stone,Arkansas
Union,Arkansas
Van_Buren,Arkansas
Washington,Arkansas
White,Arkansas
Woodruff,Arkansas
Yell,Arkansas
Alameda,California
Alpine,California
Amador,California
Butte,California
Calaveras,California
Colusa,California
Contra_Costa,California
Del_Norte,California
El_Dorado,California
Fresno,California
Glenn,California
Humboldt,California
Imperial,California
Inyo,California
Kern,California
Kings,California
Lake,California
Lassen,California
Los_Angeles,California
Madera,California
Marin,California
Mariposa,California
Mendocino,California
Merced,California
Modoc,California
Mono,California
Monterey,California
Napa,California
Nevada,California
Orange,California
Placer,California
Plumas,California
Riverside,California
Sacramento,California
San_Benito,California
San_Bernardino,California
San_Diego,California
San_Francisco,California
San_Joaquin,California
San_Luis_Obispo,California
San_Mateo,California
Santa_Barbara,California
Santa_Clara,California
Santa_Cruz,California
Shasta,California
Sierra,California
Siskiyou,California
Solano,California
Sonoma,California
Stanislaus,California
Sutter,California
Tehama,California
Trinity,California
Tulare,California
Tuolumne,California
Ventura,California
Yolo,California
Yuba,California
Adams,Colorado
Alamosa,Colorado
Arapahoe,Colorado
Archuleta,Colorado
Baca,Colorado
Bent,Colorado
Boulder,Colorado
Broomfield,Colorado
Chaffee,Colorado
Cheyenne,Colorado
Clear_Creek,Colorado
Conejos,Colorado
Costilla,Colorado
Crowley,Colorado
Custer,Colorado
Delta,Colorado
Denver,Colorado
Dolores,Colorado
Douglas,Colorado
Eagle,Colorado
Elbert,Colorado
El_Paso,Colorado
Fremont,Colorado
Garfield,Colorado
Gilpin,Colorado
Grand,Colorado
Gunnison,Colorado
Hinsdale,Colorado
Huerfano,Colorado
Jackson,Colorado
Jefferson,Colorado
Kiowa,Colorado
Kit_Carson,Colorado
Lake,Colorado
La_Plata,Colorado
Larimer,Colorado
Las_Animas,Colorado
Lincoln,Colorado
Logan,Colorado
Mesa,Colorado
Mineral,Colorado
Moffat,Colorado
Montezuma,Colorado
Montrose,Colorado
Morgan,Colorado
Otero,Colorado
Ouray,Colorado
Park,Colorado
Phillips,Colorado
Pitkin,Colorado
Prowers,Colorado
Pueblo,Colorado
Rio_Blanco,Colorado
Rio_Grande,Colorado
Routt,Colorado
Saguache,Colorado
San_Juan,Colorado
San_Miguel,Colorado
Sedgwick,Colorado
Summit,Colorado
Teller,Colorado
Washington,Colorado
Weld,Colorado
Yuma,Colorado
Fairfield,Connecticut
Hartford,Connecticut
Litchfield,Connecticut
Middlesex,Connecticut
New_Haven,Connecticut
New_London,Connecticut
Tolland,Connecticut
Windham,Connecticut
Kent,Delaware
New_Castle,Delaware
Sussex,Delaware
District_of_Columbia,District_of_Columbia
Alachua,Florida
Baker,Florida
Bay,Florida
Bradford,Florida
Brevard,Florida
Broward,Florida
Calhoun,Florida
Charlotte,Florida
Citrus,Florida
Clay,Florida
Collier,Florida
Columbia,Florida
DeSoto,Florida
Dixie,Florida
Duval,Florida
Escambia,Florida
Flagler,Florida
Franklin,Florida
Gadsden,Florida
Gilchrist,Florida
Glades,Florida
Gulf,Florida
Hamilton,Florida
Hardee,Florida
Hendry,Florida
Hernando,Florida
Highlands,Florida
Hillsborough,Florida
Holmes,Florida
Indian_River,Florida
Jackson,Florida
Jefferson,Florida
Lafayette,Florida
Lake,Florida
Lee,Florida
Leon,Florida
Levy,Florida
Liberty,Florida
Madison,Florida
Manatee,Florida
Marion,Florida
Martin,Florida
Miami-Dade,Florida
Monroe,Florida
Nassau,Florida
Okaloosa,Florida
Okeechobee,Florida
Orange,Florida
Osceola,Florida
Palm_Beach,Florida
Pasco,Florida
Pinellas,Florida
Polk,Florida
Putnam,Florida
St_Johns,Florida
St_Lucie,Florida
Santa_Rosa,Florida
Sarasota,Florida
Seminole,Florida
Sumter,Florida
Suwannee,Florida
Taylor,Florida
Union,Florida
Volusia,Florida
Wakulla,Florida
Walton,Florida
Washington,Florida
Appling,Georgia
Atkinson,Georgia
Bacon,Georgia
Baker,Georgia
Baldwin,Georgia
Banks,Georgia
Barrow,Georgia
Bartow,Georgia
Ben_Hill,Georgia
Berrien,Georgia
Bibb,Georgia
Bleckley,Georgia
Brantley,Georgia
Brooks,Georgia
Bryan,Georgia
Bulloch,Georgia
Burke,Georgia
Butts,Georgia
Calhoun,Georgia
Camden,Georgia
Candler,Georgia
Carroll,Georgia
Catoosa,Georgia
Charlton,Georgia
Chatham,Georgia
Chattahoochee,Georgia
Chattooga,Georgia
Cherokee,Georgia
Clarke,Georgia
Clay,Georgia
Clayton,Georgia
Clinch,Georgia
Cobb,Georgia
Coffee,Georgia
Colquitt,Georgia
Columbia,Georgia
Cook,Georgia
Coweta,Georgia
Crawford,Georgia
Crisp,Georgia
Dade,Georgia
Dawson,Georgia
Decatur,Georgia
DeKalb,Georgia
Dodge,Georgia
Dooly,Georgia
Dougherty,Georgia
Douglas,Georgia
Early,Georgia
Echols,Georgia
Effingham,Georgia
Elbert,Georgia
Emanuel,Georgia
Evans,Georgia
Fannin,Georgia
Fayette,Georgia
Floyd,Georgia
Forsyth,Georgia
Franklin,Georgia
Fulton,Georgia
Gilmer,Georgia
Glascock,Georgia
Glynn,Georgia
Gordon,Georgia
Grady,Georgia
Greene,Georgia
Gwinnett,Georgia
Habersham,Georgia
Hall,Georgia
Hancock,Georgia
Haralson,Georgia
Harris,Georgia
Hart,Georgia
Heard,Georgia
Henry,Georgia
Houston,Georgia
Irwin,Georgia
Jackson,Georgia
Jasper,Georgia
Jeff_Davis,Georgia
Jefferson,Georgia
Jenkins,Georgia
Johnson,Georgia
Jones,Georgia
Lamar,Georgia
Lanier,Georgia
Laurens,Georgia
Lee,Georgia
Liberty,Georgia
Lincoln,Georgia
Long,Georgia
Lowndes,Georgia
Lumpkin,Georgia
McDuffie,Georgia
McIntosh,Georgia
Macon,Georgia
Madison,Georgia
Marion,Georgia
Meriwether,Georgia
Miller,Georgia
Mitchell,Georgia
Monroe,Georgia
Montgomery,Georgia
Morgan,Georgia
Murray,Georgia
Muscogee,Georgia
Newton,Georgia
Oconee,Georgia
Oglethorpe,Georgia
Paulding,Georgia
Peach,Georgia
Pickens,Georgia
Pierce,Georgia
Pike,Georgia
Polk,Georgia
Pulaski,Georgia
Putnam,Georgia
Quitman,Georgia
Rabun,Georgia
Randolph,Georgia
Richmond,Georgia
Rockdale,Georgia
Schley,Georgia
Screven,Georgia
Seminole,Georgia
Spalding,Georgia
Stephens,Georgia
Stewart,Georgia
Sumter,Georgia
Talbot,Georgia
Taliaferro,Georgia
Tattnall,Georgia
Taylor,Georgia
Telfair,Georgia
Terrell,Georgia
Thomas,Georgia
Tift,Georgia
Toombs,Georgia
Towns,Georgia
Treutlen,Georgia
Troup,Georgia
Turner,Georgia
Twiggs,Georgia
Union,Georgia
Upson,Georgia
Walker,Georgia
Walton,Georgia
Ware,Georgia
Warren,Georgia
Washington,Georgia
Wayne,Georgia
Webster,Georgia
Wheeler,Georgia
White,Georgia
Whitfield,Georgia
Wilcox,Georgia
Wilkes,Georgia
Wilkinson,Georgia
Worth,Georgia
Guam,Guam
Hawaii,Hawaii
Honolulu,Hawaii
Kalawao,Hawaii
Kauai,Hawaii
Maui,Hawaii
Ada,Idaho
Adams,Idaho
Bannock,Idaho
Bear_Lake,Idaho
Benewah,Idaho
Bingham,Idaho
Blaine,Idaho
Boise,Idaho
Bonner,Idaho
Bonneville,Idaho
Boundary,Idaho
Butte,Idaho
Camas,Idaho
Canyon,Idaho
Caribou,Idaho
Cassia,Idaho
Clark,Idaho
Clearwater,Idaho
Custer,Idaho
Elmore,Idaho
Franklin,Idaho
Fremont,Idaho
Gem,Idaho
Gooding,Idaho
Idaho,Idaho
Jefferson,Idaho
Jerome,Idaho
Kootenai,Idaho
Latah,Idaho
Lemhi,Idaho
Lewis,Idaho
Lincoln,Idaho
Madison,Idaho
Minidoka,Idaho
Nez_Perce,Idaho
Oneida,Idaho
Owyhee,Idaho
Payette,Idaho
Power,Idaho
Shoshone,Idaho
Teton,Idaho
Twin_Falls,Idaho
Valley,Idaho
Washington,Idaho
Adams,Illinois
Alexander,Illinois
Bond,Illinois
Boone,Illinois
Brown,Illinois
Bureau,Illinois
Calhoun,Illinois
Carroll,Illinois
Cass,Illinois
Champaign,Illinois
Christian,Illinois
Clark,Illinois
Clay,Illinois
Clinton,Illinois
Coles,Illinois
Cook,Illinois
Crawford,Illinois
Cumberland,Illinois
DeKalb,Illinois
De_Witt,Illinois
Douglas,Illinois
DuPage,Illinois
Edgar,Illinois
Edwards,Illinois
Effingham,Illinois
Fayette,Illinois
Ford,Illinois
Franklin,Illinois
Fulton,Illinois
Gallatin,Illinois
Greene,Illinois
Grundy,Illinois
Hamilton,Illinois
Hancock,Illinois
Hardin,Illinois
Henderson,Illinois
Henry,Illinois
Iroquois,Illinois
Jackson,Illinois
Jasper,Illinois
Jefferson,Illinois
Jersey,Illinois
Jo_Daviess,Illinois
Johnson,Illinois
Kane,Illinois
Kankakee,Illinois
Kendall,Illinois
Knox,Illinois
Lake,Illinois
LaSalle,Illinois
Lawrence,Illinois
Lee,Illinois
Livingston,Illinois
Logan,Illinois
McDonough,Illinois
McHenry,Illinois
McLean,Illinois
Macon,Illinois
Macoupin,Illinois
Madison,Illinois
Marion,Illinois
Marshall,Illinois
Mason,Illinois
Massac,Illinois
Menard,Illinois
Mercer,Illinois
Monroe,Illinois
Montgomery,Illinois
Morgan,Illinois
Moultrie,Illinois
Ogle,Illinois
Peoria,Illinois
Perry,Illinois
Piatt,Illinois
Pike,Illinois
Pope,Illinois
Pulaski,Illinois
Putnam,Illinois
Randolph,Illinois
Richland,Illinois
Rock_Island,Illinois
St_Clair,Illinois
Saline,Illinois
Sangamon,Illinois
Schuyler,Illinois
Scott,Illinois
Shelby,Illinois
Stark,Illinois
Stephenson,Illinois
Tazewell,Illinois
Union,Illinois
Vermilion,Illinois
Wabash,Illinois
Warren,Illinois
Washington,Illinois
Wayne,Illinois
White,Illinois
Whiteside,Illinois
Will,Illinois
Williamson,Illinois
Winnebago,Illinois
Woodford,Illinois
Adams,Indiana
Allen,Indiana
Bartholomew,Indiana
Benton,Indiana
Blackford,Indiana
Boone,Indiana
Brown,Indiana
Carroll,Indiana
Cass,Indiana
Clark,Indiana
Clay,Indiana
Clinton,Indiana
Crawford,Indiana
Daviess,Indiana
Dearborn,Indiana
Decatur,Indiana
DeKalb,Indiana
Delaware,Indiana
Dubois,Indiana
Elkhart,Indiana
Fayette,Indiana
Floyd,Indiana
Fountain,Indiana
Franklin,Indiana
Fulton,Indiana
Gibson,Indiana
Grant,Indiana
Greene,Indiana
Hamilton,Indiana
Hancock,Indiana
Harrison,Indiana
Hendricks,Indiana
Henry,Indiana
Howard,Indiana
Huntington,Indiana
Jackson,Indiana
Jasper,Indiana
Jay,Indiana
Jefferson,Indiana
Jennings,Indiana
Johnson,Indiana
Knox,Indiana
Kosciusko,Indiana
LaGrange,Indiana
Lake,Indiana
LaPorte,Indiana
Lawrence,Indiana
Madison,Indiana
Marion,Indiana
Marshall,Indiana
Martin,Indiana
Miami,Indiana
Monroe,Indiana
Montgomery,Indiana
Morgan,Indiana
Newton,Indiana
Noble,Indiana
Ohio,Indiana
Orange,Indiana
Owen,Indiana
Parke,Indiana
Perry,Indiana
Pike,Indiana
Porter,Indiana
Posey,Indiana
Pulaski,Indiana
Putnam,Indiana
Randolph,Indiana
Ripley,Indiana
Rush,Indiana
St_Joseph,Indiana
Scott,Indiana
Shelby,Indiana
Spencer,Indiana
Starke,Indiana
Steuben,Indiana
Sullivan,Indiana
Switzerland,Indiana
Tippecanoe,Indiana
Tipton,Indiana
Union,Indiana
Vanderburgh,Indiana
Vermillion,Indiana
Vigo,Indiana
Wabash,Indiana
Warren,Indiana
Warrick,Indiana
Washington,Indiana
Wayne,Indiana
Wells,Indiana
White,Indiana
Whitley,Indiana
Adair,Iowa
Adams,Iowa
Allamakee,Iowa
Appanoose,Iowa
Audubon,Iowa
Benton,Iowa
Black_Hawk,Iowa
Boone,Iowa
Bremer,Iowa
Buchanan,Iowa
Buena_Vista,Iowa
Butler,Iowa
Calhoun,Iowa
Carroll,Iowa
Cass,Iowa
Cedar,Iowa
Cerro_Gordo,Iowa
Cherokee,Iowa
Chickasaw,Iowa
Clarke,Iowa
Clay,Iowa
Clayton,Iowa
Clinton,Iowa
Crawford,Iowa
Dallas,Iowa
Davis,Iowa
Decatur,Iowa
Delaware,Iowa
Des_Moines,Iowa
Dickinson,Iowa
Dubuque,Iowa
Emmet,Iowa
Fayette,Iowa
Floyd,Iowa
Franklin,Iowa
Fremont,Iowa
Greene,Iowa
Grundy,Iowa
Guthrie,Iowa
Hamilton,Iowa
Hancock,Iowa
Hardin,Iowa
Harrison,Iowa
Henry,Iowa
Howard,Iowa
Humboldt,Iowa
Ida,Iowa
Iowa,Iowa
Jackson,Iowa
Jasper,Iowa
Jefferson,Iowa
Johnson,Iowa
Jones,Iowa
Keokuk,Iowa
Kossuth,Iowa
Lee,Iowa
Linn,Iowa
Louisa,Iowa
Lucas,Iowa
Lyon,Iowa
Madison,Iowa
Mahaska,Iowa
Marion,Iowa
Marshall,Iowa
Mills,Iowa
Mitchell,Iowa
Monona,Iowa
Monroe,Iowa
Montgomery,Iowa
Muscatine,Iowa
OBrien,Iowa
Osceola,Iowa
Page,Iowa
Palo_Alto,Iowa
Plymouth,Iowa
Pocahontas,Iowa
Polk,Iowa
Pottawattamie,Iowa
Poweshiek,Iowa
Ringgold,Iowa
Sac,Iowa
Scott,Iowa
Shelby,Iowa
Sioux,Iowa
Story,Iowa
Tama,Iowa
Taylor,Iowa
Union,Iowa
Van_Buren,Iowa
Wapello,Iowa
Warren,Iowa
Washington,Iowa
Wayne,Iowa
Webster,Iowa
Winnebago,Iowa
Winneshiek,Iowa
Woodbury,Iowa
Worth,Iowa
Wright,Iowa
Allen,Kansas
Anderson,Kansas
Atchison,Kansas
Barber,Kansas
Barton,Kansas
Bourbon,Kansas
Brown,Kansas
Butler,Kansas
Chase,Kansas
Chautauqua,Kansas
Cherokee,Kansas
Cheyenne,Kansas
Clark,Kansas
Clay,Kansas
Cloud,Kansas
Coffey,Kansas
Comanche,Kansas
Cowley,Kansas
Crawford,Kansas
Decatur,Kansas
Dickinson,Kansas
Doniphan,Kansas
Douglas,Kansas
Edwards,Kansas
Elk,Kansas
Ellis,Kansas
Ellsworth,Kansas
Finney,Kansas
Ford,Kansas
Franklin,Kansas
Geary,Kansas
Gove,Kansas
Graham,Kansas
Grant,Kansas
Gray,Kansas
Greeley,Kansas
Greenwood,Kansas
Hamilton,Kansas
Harper,Kansas
Harvey,Kansas
Haskell,Kansas
Hodgeman,Kansas
Jackson,Kansas
Jefferson,Kansas
Jewell,Kansas
Johnson,Kansas
Kearny,Kansas
Kingman,Kansas
Kiowa,Kansas
Labette,Kansas
Lane,Kansas
Leavenworth,Kansas
Lincoln,Kansas
Linn,Kansas
Logan,Kansas
Lyon,Kansas
McPherson,Kansas
Marion,Kansas
Marshall,Kansas
Meade,Kansas
Miami,Kansas
Mitchell,Kansas
Montgomery,Kansas
Morris,Kansas
Morton,Kansas
Nemaha,Kansas
Neosho,Kansas
Ness,Kansas
Norton,Kansas
Osage,Kansas
Osborne,Kansas
Ottawa,Kansas
Pawnee,Kansas
Phillips,Kansas
Pottawatomie,Kansas
Pratt,Kansas
Rawlins,Kansas
Reno,Kansas
Republic,Kansas
Rice,Kansas
Riley,Kansas
Rooks,Kansas
Rush,Kansas
Russell,Kansas
Saline,Kansas
Scott,Kansas
Sedgwick,Kansas
Seward,Kansas
Shawnee,Kansas
Sheridan,Kansas
Sherman,Kansas
Smith,Kansas
Stafford,Kansas
Stanton,Kansas
Stevens,Kansas
Sumner,Kansas
Thomas,Kansas
Trego,Kansas
Wabaunsee,Kansas
Wallace,Kansas
Washington,Kansas
Wichita,Kansas
Wilson,Kansas
Woodson,Kansas
Wyandotte,Kansas
Adair,Kentucky
Allen,Kentucky
Anderson,Kentucky
Ballard,Kentucky
Barren,Kentucky
Bath,Kentucky
Bell,Kentucky
Boone,Kentucky
Bourbon,Kentucky
Boyd,Kentucky
Boyle,Kentucky
Bracken,Kentucky
Breathitt,Kentucky
Breckinridge,Kentucky
Bullitt,Kentucky
Butler,Kentucky
Caldwell,Kentucky
Calloway,Kentucky
Campbell,Kentucky
Carlisle,Kentucky
Carroll,Kentucky
Carter,Kentucky
Casey,Kentucky
Christian,Kentucky
Clark,Kentucky
Clay,Kentucky
Clinton,Kentucky
Crittenden,Kentucky
Cumberland,Kentucky
Daviess,Kentucky
Edmonson,Kentucky
Elliott,Kentucky
Estill,Kentucky
Fayette,Kentucky
Fleming,Kentucky
Floyd,Kentucky
Franklin,Kentucky
Fulton,Kentucky
Gallatin,Kentucky
Garrard,Kentucky
Grant,Kentucky
Graves,Kentucky
Grayson,Kentucky
Green,Kentucky
Greenup,Kentucky
Hancock,Kentucky
Hardin,Kentucky
Harlan,Kentucky
Harrison,Kentucky
Hart,Kentucky
Henderson,Kentucky
Henry,Kentucky
Hickman,Kentucky
Hopkins,Kentucky
Jackson,Kentucky
Jefferson,Kentucky
Jessamine,Kentucky
Johnson,Kentucky
Kenton,Kentucky
Knott,Kentucky
Knox,Kentucky
LaRue,Kentucky
Laurel,Kentucky
Lawrence,Kentucky
Lee,Kentucky
Leslie,Kentucky
Letcher,Kentucky
Lewis,Kentucky
Lincoln,Kentucky
Livingston,Kentucky
Logan,Kentucky
Lyon,Kentucky
McCracken,Kentucky
McCreary,Kentucky
McLean,Kentucky
Madison,Kentucky
Magoffin,Kentucky
Marion,Kentucky
Marshall,Kentucky
Martin,Kentucky
Mason,Kentucky
Meade,Kentucky
Menifee,Kentucky
Mercer,Kentucky
Metcalfe,Kentucky
Monroe,Kentucky
Montgomery,Kentucky
Morgan,Kentucky
Muhlenberg,Kentucky
Nelson,Kentucky
Nicholas,Kentucky
Ohio,Kentucky
Oldham,Kentucky
Owen,Kentucky
Owsley,Kentucky
Pendleton,Kentucky
Perry,Kentucky
Pike,Kentucky
Powell,Kentucky
Pulaski,Kentucky
Robertson,Kentucky
Rockcastle,Kentucky
Rowan,Kentucky
Russell,Kentucky
Scott,Kentucky
Shelby,Kentucky
Simpson,Kentucky
Spencer,Kentucky
Taylor,Kentucky
Todd,Kentucky
Trigg,Kentucky
Trimble,Kentucky
Union,Kentucky
Warren,Kentucky
Washington,Kentucky
Wayne,Kentucky
Webster,Kentucky
Whitley,Kentucky
Wolfe,Kentucky
Woodford,Kentucky
Acadia,Louisiana
Allen,Louisiana
Ascension,Louisiana
Assumption,Louisiana
Avoyelles,Louisiana
Beauregard,Louisiana
Bienville,Louisiana
Bossier,Louisiana
Caddo,Louisiana
Calcasieu,Louisiana
Caldwell,Louisiana
Cameron,Louisiana
Catahoula,Louisiana
Claiborne,Louisiana
Concordia,Louisiana
De_Soto,Louisiana
East_Baton_Rouge,Louisiana
East_Carroll,Louisiana
East_Feliciana,Louisiana
Evangeline,Louisiana
Franklin,Louisiana
Grant,Louisiana
Iberia,Louisiana
Iberville,Louisiana
Jackson,Louisiana
Jefferson,Louisiana
Jefferson_Davis,Louisiana
Lafayette,Louisiana
Lafourche,Louisiana
LaSalle,Louisiana
Lincoln,Louisiana
Livingston,Louisiana
Madison,Louisiana
Morehouse,Louisiana
Natchitoches,Louisiana
Orleans,Louisiana
Ouachita,Louisiana
Plaquemines,Louisiana
Pointe_Coupee,Louisiana
Rapides,Louisiana
Red_River,Louisiana
Richland,Louisiana
Sabine,Louisiana
St_Bernard,Louisiana
St_Charles,Louisiana
St_Helena,Louisiana
St_James,Louisiana
St_John_the_Baptist,Louisiana
St_Landry,Louisiana
St_Martin,Louisiana
St_Mary,Louisiana
St_Tammany,Louisiana
Tangipahoa,Louisiana
Tensas,Louisiana
Terrebonne,Louisiana
Union,Louisiana
Vermilion,Louisiana
Vernon,Louisiana
Washington,Louisiana
Webster,Louisiana
West_Baton_Rouge,Louisiana
West_Carroll,Louisiana
West_Feliciana,Louisiana
Winn,Louisiana
Androscoggin,Maine
Aroostook,Maine
Cumberland,Maine
Franklin,Maine
Hancock,Maine
Kennebec,Maine
Knox,Maine
Lincoln,Maine
Oxford,Maine
Penobscot,Maine
Piscataquis,Maine
Sagadahoc,Maine
Somerset,Maine
Waldo,Maine
Washington,Maine
York,Maine
Allegany,Maryland
Anne_Arundel,Maryland
Baltimore,Maryland
Calvert,Maryland
Caroline,Maryland
Carroll,Maryland
Cecil,Maryland
Charles,Maryland
Dorchester,Maryland
Frederick,Maryland
Garrett,Maryland
Harford,Maryland
Howard,Maryland
Kent,Maryland
Montgomery,Maryland
Prince_Georges,Maryland
Queen_Annes,Maryland
St_Marys,Maryland
Somerset,Maryland
Talbot,Maryland
Washington,Maryland
Wicomico,Maryland
Worcester,Maryland
Baltimore_City,Maryland
Barnstable,Massachusetts
Berkshire,Massachusetts
Bristol,Massachusetts
Dukes,Massachusetts
Essex,Massachusetts
Franklin,Massachusetts
Hampden,Massachusetts
Hampshire,Massachusetts
Middlesex,Massachusetts
Nantucket,Massachusetts
Norfolk,Massachusetts
Plymouth,Massachusetts
Suffolk,Massachusetts
Worcester,Massachusetts
Alcona,Michigan
Alger,Michigan
Allegan,Michigan
Alpena,Michigan
Antrim,Michigan
Arenac,Michigan
Baraga,Michigan
Barry,Michigan
Bay,Michigan
Benzie,Michigan
Berrien,Michigan
Branch,Michigan
Calhoun,Michigan
Cass,Michigan
Charlevoix,Michigan
Cheboygan,Michigan
Chippewa,Michigan
Clare,Michigan
Clinton,Michigan
Crawford,Michigan
Delta,Michigan
Dickinson,Michigan
Eaton,Michigan
Emmet,Michigan
Genesee,Michigan
Gladwin,Michigan
Gogebic,Michigan
Grand_Traverse,Michigan
Gratiot,Michigan
Hillsdale,Michigan
Houghton,Michigan
Huron,Michigan
Ingham,Michigan
Ionia,Michigan
Iosco,Michigan
Iron,Michigan
Isabella,Michigan
Jackson,Michigan
Kalamazoo,Michigan
Kalkaska,Michigan
Kent,Michigan
Keweenaw,Michigan
Lake,Michigan
Lapeer,Michigan
Leelanau,Michigan
Lenawee,Michigan
Livingston,Michigan
Luce,Michigan
Mackinac,Michigan
Macomb,Michigan
Manistee,Michigan
Marquette,Michigan
Mason,Michigan
Mecosta,Michigan
Menominee,Michigan
Midland,Michigan
Missaukee,Michigan
Monroe,Michigan
Montcalm,Michigan
Montmorency,Michigan
Muskegon,Michigan
Newaygo,Michigan
Oakland,Michigan
Oceana,Michigan
Ogemaw,Michigan
Ontonagon,Michigan
Osceola,Michigan
Oscoda,Michigan
Otsego,Michigan
Ottawa,Michigan
Presque_Isle,Michigan
Roscommon,Michigan
Saginaw,Michigan
St_Clair,Michigan
St_Joseph,Michigan
Sanilac,Michigan
Schoolcraft,Michigan
Shiawassee,Michigan
Tuscola,Michigan
Van_Buren,Michigan
Washtenaw,Michigan
Wayne,Michigan
Wexford,Michigan
Aitkin,Minnesota
Anoka,Minnesota
Becker,Minnesota
Beltrami,Minnesota
Benton,Minnesota
Big_Stone,Minnesota
Blue_Earth,Minnesota
Brown,Minnesota
Carlton,Minnesota
Carver,Minnesota
Cass,Minnesota
Chippewa,Minnesota
Chisago,Minnesota
Clay,Minnesota
Clearwater,Minnesota
Cook,Minnesota
Cottonwood,Minnesota
Crow_Wing,Minnesota
Dakota,Minnesota
Dodge,Minnesota
Douglas,Minnesota
Faribault,Minnesota
Fillmore,Minnesota
Freeborn,Minnesota
Goodhue,Minnesota
Grant,Minnesota
Hennepin,Minnesota
Houston,Minnesota
Hubbard,Minnesota
Isanti,Minnesota
Itasca,Minnesota
Jackson,Minnesota
Kanabec,Minnesota
Kandiyohi,Minnesota
Kittson,Minnesota
Koochiching,Minnesota
Lac_qui_Parle,Minnesota
Lake,Minnesota
Lake_of_the_Woods,Minnesota
Le_Sueur,Minnesota
Lincoln,Minnesota
Lyon,Minnesota
McLeod,Minnesota
Mahnomen,Minnesota
Marshall,Minnesota
Martin,Minnesota
Meeker,Minnesota
Mille_Lacs,Minnesota
Morrison,Minnesota
Mower,Minnesota
Murray,Minnesota
Nicollet,Minnesota
Nobles,Minnesota
Norman,Minnesota
Olmsted,Minnesota
Otter_Tail,Minnesota
Pennington,Minnesota
Pine,Minnesota
Pipestone,Minnesota
Polk,Minnesota
Pope,Minnesota
Ramsey,Minnesota
Red_Lake,Minnesota
Redwood,Minnesota
Renville,Minnesota
Rice,Minnesota
Rock,Minnesota
Roseau,Minnesota
St_Louis,Minnesota
Scott,Minnesota
Sherburne,Minnesota
Sibley,Minnesota
Stearns,Minnesota
Steele,Minnesota
Stevens,Minnesota
Swift,Minnesota
Todd,Minnesota
Traverse,Minnesota
Wabasha,Minnesota
Wadena,Minnesota
Waseca,Minnesota
Washington,Minnesota
Watonwan,Minnesota
Wilkin,Minnesota
Winona,Minnesota
Wright,Minnesota
Yellow_Medicine,Minnesota
Adams,Mississippi
Alcorn,Mississippi
Amite,Mississippi
Attala,Mississippi
Benton,Mississippi
Bolivar,Mississippi
Calhoun,Mississippi
Carroll,Mississippi
Chickasaw,Mississippi
Choctaw,Mississippi
Claiborne,Mississippi
Clarke,Mississippi
Clay,Mississippi
Coahoma,Mississippi
Copiah,Mississippi
Covington,Mississippi
DeSoto,Mississippi
Forrest,Mississippi
Franklin,Mississippi
George,Mississippi
Greene,Mississippi
Grenada,Mississippi
Hancock,Mississippi
Harrison,Mississippi
Hinds,Mississippi
Holmes,Mississippi
Humphreys,Mississippi
Issaquena,Mississippi
Itawamba,Mississippi
Jackson,Mississippi
Jasper,Mississippi
Jefferson,Mississippi
Jefferson_Davis,Mississippi
Jones,Mississippi
Kemper,Mississippi
Lafayette,Mississippi
Lamar,Mississippi
Lauderdale,Mississippi
Lawrence,Mississippi
Leake,Mississippi
Lee,Mississippi
Leflore,Mississippi
Lincoln,Mississippi
Lowndes,Mississippi
Madison,Mississippi
Marion,Mississippi
Marshall,Mississippi
Monroe,Mississippi
Montgomery,Mississippi
Neshoba,Mississippi
Newton,Mississippi
Noxubee,Mississippi
Oktibbeha,Mississippi
Panola,Mississippi
Pearl_River,Mississippi
Perry,Mississippi
Pike,Mississippi
Pontotoc,Mississippi
Prentiss,Mississippi
Quitman,Mississippi
Rankin,Mississippi
Scott,Mississippi
Sharkey,Mississippi
Simpson,Mississippi
Smith,Mississippi
Stone,Mississippi
Sunflower,Mississippi
Tallahatchie,Mississippi
Tate,Mississippi
Tippah,Mississippi
Tishomingo,Mississippi
Tunica,Mississippi
Union,Mississippi
Walthall,Mississippi
Warren,Mississippi
Washington,Mississippi
Wayne,Mississippi
Webster,Mississippi
Wilkinson,Mississippi
Winston,Mississippi
Yalobusha,Mississippi
Yazoo,Mississippi
Adair,Missouri
Andrew,Missouri
Atchison,Missouri
Audrain,Missouri
Barry,Missouri
Barton,Missouri
Bates,Missouri
Benton,Missouri
Bollinger,Missouri
Boone,Missouri
Buchanan,Missouri
Butler,Missouri
Caldwell,Missouri
Callaway,Missouri
Camden,Missouri
Cape_Girardeau,Missouri
Carroll,Missouri
Carter,Missouri
Cass,Missouri
Cedar,Missouri
Chariton,Missouri
Christian,Missouri
Clark,Missouri
Clay,Missouri
Clinton,Missouri
Cole,Missouri
Cooper,Missouri
Crawford,Missouri
Dade,Missouri
Dallas,Missouri
Daviess,Missouri
DeKalb,Missouri
Dent,Missouri
Douglas,Missouri
Dunklin,Missouri
Franklin,Missouri
Gasconade,Missouri
Gentry,Missouri
Greene,Missouri
Grundy,Missouri
Harrison,Missouri
Henry,Missouri
Hickory,Missouri
Holt,Missouri
Howard,Missouri
Howell,Missouri
Iron,Missouri
Jackson,Missouri
Jasper,Missouri
Jefferson,Missouri
Johnson,Missouri
Knox,Missouri
Laclede,Missouri
Lafayette,Missouri
Lawrence,Missouri
Lewis,Missouri
Lincoln,Missouri
Linn,Missouri
Livingston,Missouri
McDonald,Missouri
Macon,Missouri
Madison,Missouri
Maries,Missouri
Marion,Missouri
Mercer,Missouri
Miller,Missouri
Mississippi,Missouri
Moniteau,Missouri
Monroe,Missouri
Montgomery,Missouri
Morgan,Missouri
New_Madrid,Missouri
Newton,Missouri
Nodaway,Missouri
Oregon,Missouri
Osage,Missouri
Ozark,Missouri
Pemiscot,Missouri
Perry,Missouri
Pettis,Missouri
Phelps,Missouri
Pike,Missouri
Platte,Missouri
Polk,Missouri
Pulaski,Missouri
Putnam,Missouri
Ralls,Missouri
Randolph,Missouri
Ray,Missouri
Reynolds,Missouri
Ripley,Missouri
St_Charles,Missouri
St_Clair,Missouri
Ste_Genevieve,Missouri
St_Francois,Missouri
St_Louis,Missouri
Saline,Missouri
Schuyler,Missouri
Scotland,Missouri
Scott,Missouri
Shannon,Missouri
Shelby,Missouri
Stoddard,Missouri
Stone,Missouri
Sullivan,Missouri
Taney,Missouri
Texas,Missouri
Vernon,Missouri
Warren,Missouri
Washington,Missouri
Wayne,Missouri
Webster,Missouri
Worth,Missouri
Wright,Missouri
St_Louis,Missouri
Beaverhead,Montana
Big_Horn,Montana
Blaine,Montana
Broadwater,Montana
Carbon,Montana
Carter,Montana
Cascade,Montana
Chouteau,Montana
Custer,Montana
Daniels,Montana
Dawson,Montana
Deer_Lodge,Montana
Fallon,Montana
Fergus,Montana
Flathead,Montana
Gallatin,Montana
Garfield,Montana
Glacier,Montana
Golden_Valley,Montana
Granite,Montana
Hill,Montana
Jefferson,Montana
Judith_Basin,Montana
Lake,Montana
Lewis_and_Clark,Montana
Liberty,Montana
Lincoln,Montana
McCone,Montana
Madison,Montana
Meagher,Montana
Mineral,Montana
Missoula,Montana
Musselshell,Montana
Park,Montana
Petroleum,Montana
Phillips,Montana
Pondera,Montana
Powder_River,Montana
Powell,Montana
Prairie,Montana
Ravalli,Montana
Richland,Montana
Roosevelt,Montana
Rosebud,Montana
Sanders,Montana
Sheridan,Montana
Silver_Bow,Montana
Stillwater,Montana
Sweet_Grass,Montana
Teton,Montana
Toole,Montana
Treasure,Montana
Valley,Montana
Wheatland,Montana
Wibaux,Montana
Yellowstone,Montana
Adams,Nebraska
Antelope,Nebraska
Arthur,Nebraska
Banner,Nebraska
Blaine,Nebraska
Boone,Nebraska
Box_Butte,Nebraska
Boyd,Nebraska
Brown,Nebraska
Buffalo,Nebraska
Burt,Nebraska
Butler,Nebraska
Cass,Nebraska
Cedar,Nebraska
Chase,Nebraska
Cherry,Nebraska
Cheyenne,Nebraska
Clay,Nebraska
Colfax,Nebraska
Cuming,Nebraska
Custer,Nebraska
Dakota,Nebraska
Dawes,Nebraska
Dawson,Nebraska
Deuel,Nebraska
Dixon,Nebraska
Dodge,Nebraska
Douglas,Nebraska
Dundy,Nebraska
Fillmore,Nebraska
Franklin,Nebraska
Frontier,Nebraska
Furnas,Nebraska
Gage,Nebraska
Garden,Nebraska
Garfield,Nebraska
Gosper,Nebraska
Grant,Nebraska
Greeley,Nebraska
Hall,Nebraska
Hamilton,Nebraska
Harlan,Nebraska
Hayes,Nebraska
Hitchcock,Nebraska
Holt,Nebraska
Hooker,Nebraska
Howard,Nebraska
Jefferson,Nebraska
Johnson,Nebraska
Kearney,Nebraska
Keith,Nebraska
Keya_Paha,Nebraska
Kimball,Nebraska
Knox,Nebraska
Lancaster,Nebraska
Lincoln,Nebraska
Logan,Nebraska
Loup,Nebraska
McPherson,Nebraska
Madison,Nebraska
Merrick,Nebraska
Morrill,Nebraska
Nance,Nebraska
Nemaha,Nebraska
Nuckolls,Nebraska
Otoe,Nebraska
Pawnee,Nebraska
Perkins,Nebraska
Phelps,Nebraska
Pierce,Nebraska
Platte,Nebraska
Polk,Nebraska
Red_Willow,Nebraska
Richardson,Nebraska
Rock,Nebraska
Saline,Nebraska
Sarpy,Nebraska
Saunders,Nebraska
Scotts_Bluff,Nebraska
Seward,Nebraska
Sheridan,Nebraska
Sherman,Nebraska
Sioux,Nebraska
Stanton,Nebraska
Thayer,Nebraska
Thomas,Nebraska
Thurston,Nebraska
Valley,Nebraska
Washington,Nebraska
Wayne,Nebraska
Webster,Nebraska
Wheeler,Nebraska
York,Nebraska
Churchill,Nevada
Clark,Nevada
Douglas,Nevada
Elko,Nevada
Esmeralda,Nevada
Eureka,Nevada
Humboldt,Nevada
Lander,Nevada
Lincoln,Nevada
Lyon,Nevada
Mineral,Nevada
Nye,Nevada
Pershing,Nevada
Storey,Nevada
Washoe,Nevada
White_Pine,Nevada
Carson_City,Nevada
Belknap,New_Hampshire
Carroll,New_Hampshire
Cheshire,New_Hampshire
Coos,New_Hampshire
Grafton,New_Hampshire
Hillsborough,New_Hampshire
Merrimack,New_Hampshire
Rockingham,New_Hampshire
Strafford,New_Hampshire
Sullivan,New_Hampshire
Atlantic,New_Jersey
Bergen,New_Jersey
Burlington,New_Jersey
Camden,New_Jersey
Cape_May,New_Jersey
Cumberland,New_Jersey
Essex,New_Jersey
Gloucester,New_Jersey
Hudson,New_Jersey
Hunterdon,New_Jersey
Mercer,New_Jersey
Middlesex,New_Jersey
Monmouth,New_Jersey
Morris,New_Jersey
Ocean,New_Jersey
Passaic,New_Jersey
Salem,New_Jersey
Somerset,New_Jersey
Sussex,New_Jersey
Union,New_Jersey
Warren,New_Jersey
Bernalillo,New_Mexico
Catron,New_Mexico
Chaves,New_Mexico
Cibola,New_Mexico
Colfax,New_Mexico
Curry,New_Mexico
De_Baca,New_Mexico
Doña_Ana,New_Mexico
Eddy,New_Mexico
Grant,New_Mexico
Guadalupe,New_Mexico
Harding,New_Mexico
Hidalgo,New_Mexico
Lea,New_Mexico
Lincoln,New_Mexico
Los_Alamos,New_Mexico
Luna,New_Mexico
McKinley,New_Mexico
Mora,New_Mexico
Otero,New_Mexico
Quay,New_Mexico
Rio_Arriba,New_Mexico
Roosevelt,New_Mexico
Sandoval,New_Mexico
San_Juan,New_Mexico
San_Miguel,New_Mexico
Santa_Fe,New_Mexico
Sierra,New_Mexico
Socorro,New_Mexico
Taos,New_Mexico
Torrance,New_Mexico
Union,New_Mexico
Valencia,New_Mexico
Albany,New_York
Allegany,New_York
Bronx,New_York
Broome,New_York
Cattaraugus,New_York
Cayuga,New_York
Chautauqua,New_York
Chemung,New_York
Chenango,New_York
Clinton,New_York
Columbia,New_York
Cortland,New_York
Delaware,New_York
Dutchess,New_York
Erie,New_York
Essex,New_York
Franklin,New_York
Fulton,New_York
Genesee,New_York
Greene,New_York
Hamilton,New_York
Herkimer,New_York
Jefferson,New_York
Kings,New_York
Lewis,New_York
Livingston,New_York
Madison,New_York
Monroe,New_York
Montgomery,New_York
Nassau,New_York
New_York,New_York
Niagara,New_York
Oneida,New_York
Onondaga,New_York
Ontario,New_York
Orange,New_York
Orleans,New_York
Oswego,New_York
Otsego,New_York
Putnam,New_York
Queens,New_York
Rensselaer,New_York
Richmond,New_York
Rockland,New_York
St_Lawrence,New_York
Saratoga,New_York
Schenectady,New_York
Schoharie,New_York
Schuyler,New_York
Seneca,New_York
Steuben,New_York
Suffolk,New_York
Sullivan,New_York
Tioga,New_York
Tompkins,New_York
Ulster,New_York
Warren,New_York
Washington,New_York
Wayne,New_York
Westchester,New_York
Wyoming,New_York
Yates,New_York
Alamance,North_Carolina
Alexander,North_Carolina
Alleghany,North_Carolina
Anson,North_Carolina
Ashe,North_Carolina
Avery,North_Carolina
Beaufort,North_Carolina
Bertie,North_Carolina
Bladen,North_Carolina
Brunswick,North_Carolina
Buncombe,North_Carolina
Burke,North_Carolina
Cabarrus,North_Carolina
Caldwell,North_Carolina
Camden,North_Carolina
Carteret,North_Carolina
Caswell,North_Carolina
Catawba,North_Carolina
Chatham,North_Carolina
Cherokee,North_Carolina
Chowan,North_Carolina
Clay,North_Carolina
Cleveland,North_Carolina
Columbus,North_Carolina
Craven,North_Carolina
Cumberland,North_Carolina
Currituck,North_Carolina
Dare,North_Carolina
Davidson,North_Carolina
Davie,North_Carolina
Duplin,North_Carolina
Durham,North_Carolina
Edgecombe,North_Carolina
Forsyth,North_Carolina
Franklin,North_Carolina
Gaston,North_Carolina
Gates,North_Carolina
Graham,North_Carolina
Granville,North_Carolina
Greene,North_Carolina
Guilford,North_Carolina
Halifax,North_Carolina
Harnett,North_Carolina
Haywood,North_Carolina
Henderson,North_Carolina
Hertford,North_Carolina
Hoke,North_Carolina
Hyde,North_Carolina
Iredell,North_Carolina
Jackson,North_Carolina
Johnston,North_Carolina
Jones,North_Carolina
Lee,North_Carolina
Lenoir,North_Carolina
Lincoln,North_Carolina
McDowell,North_Carolina
Macon,North_Carolina
Madison,North_Carolina
Martin,North_Carolina
Mecklenburg,North_Carolina
Mitchell,North_Carolina
Montgomery,North_Carolina
Moore,North_Carolina
Nash,North_Carolina
New_Hanover,North_Carolina
Northampton,North_Carolina
Onslow,North_Carolina
Orange,North_Carolina
Pamlico,North_Carolina
Pasquotank,North_Carolina
Pender,North_Carolina
Perquimans,North_Carolina
Person,North_Carolina
Pitt,North_Carolina
Polk,North_Carolina
Randolph,North_Carolina
Richmond,North_Carolina
Robeson,North_Carolina
Rockingham,North_Carolina
Rowan,North_Carolina
Rutherford,North_Carolina
Sampson,North_Carolina
Scotland,North_Carolina
Stanly,North_Carolina
Stokes,North_Carolina
Surry,North_Carolina
Swain,North_Carolina
Transylvania,North_Carolina
Tyrrell,North_Carolina
Union,North_Carolina
Vance,North_Carolina
Wake,North_Carolina
Warren,North_Carolina
Washington,North_Carolina
Watauga,North_Carolina
Wayne,North_Carolina
Wilkes,North_Carolina
Wilson,North_Carolina
Yadkin,North_Carolina
Yancey,North_Carolina
Adams,North_Dakota
Barnes,North_Dakota
Benson,North_Dakota
Billings,North_Dakota
Bottineau,North_Dakota
Bowman,North_Dakota
Burke,North_Dakota
Burleigh,North_Dakota
Cass,North_Dakota
Cavalier,North_Dakota
Dickey,North_Dakota
Divide,North_Dakota
Dunn,North_Dakota
Eddy,North_Dakota
Emmons,North_Dakota
Foster,North_Dakota
Golden_Valley,North_Dakota
Grand_Forks,North_Dakota
Grant,North_Dakota
Griggs,North_Dakota
Hettinger,North_Dakota
Kidder,North_Dakota
LaMoure,North_Dakota
Logan,North_Dakota
McHenry,North_Dakota
McIntosh,North_Dakota
McKenzie,North_Dakota
McLean,North_Dakota
Mercer,North_Dakota
Morton,North_Dakota
Mountrail,North_Dakota
Nelson,North_Dakota
Oliver,North_Dakota
Pembina,North_Dakota
Pierce,North_Dakota
Ramsey,North_Dakota
Ransom,North_Dakota
Renville,North_Dakota
Richland,North_Dakota
Rolette,North_Dakota
Sargent,North_Dakota
Sheridan,North_Dakota
Sioux,North_Dakota
Slope,North_Dakota
Stark,North_Dakota
Steele,North_Dakota
Stutsman,North_Dakota
Towner,North_Dakota
Traill,North_Dakota
Walsh,North_Dakota
Ward,North_Dakota
Wells,North_Dakota
Williams,North_Dakota
Northern_Islands,Northern_Mariana_Islands
Rota,Northern_Mariana_Islands
Saipan,Northern_Mariana_Islands
Tinian,Northern_Mariana_Islands
Adams,Ohio
Allen,Ohio
Ashland,Ohio
Ashtabula,Ohio
Athens,Ohio
Auglaize,Ohio
Belmont,Ohio
Brown,Ohio
Butler,Ohio
Carroll,Ohio
Champaign,Ohio
Clark,Ohio
Clermont,Ohio
Clinton,Ohio
Columbiana,Ohio
Coshocton,Ohio
Crawford,Ohio
Cuyahoga,Ohio
Darke,Ohio
Defiance,Ohio
Delaware,Ohio
Erie,Ohio
Fairfield,Ohio
Fayette,Ohio
Franklin,Ohio
Fulton,Ohio
Gallia,Ohio
Geauga,Ohio
Greene,Ohio
Guernsey,Ohio
Hamilton,Ohio
Hancock,Ohio
Hardin,Ohio
Harrison,Ohio
Henry,Ohio
Highland,Ohio
Hocking,Ohio
Holmes,Ohio
Huron,Ohio
Jackson,Ohio
Jefferson,Ohio
Knox,Ohio
Lake,Ohio
Lawrence,Ohio
Licking,Ohio
Logan,Ohio
Lorain,Ohio
Lucas,Ohio
Madison,Ohio
Mahoning,Ohio
Marion,Ohio
Medina,Ohio
Meigs,Ohio
Mercer,Ohio
Miami,Ohio
Monroe,Ohio
Montgomery,Ohio
Morgan,Ohio
Morrow,Ohio
Muskingum,Ohio
Noble,Ohio
Ottawa,Ohio
Paulding,Ohio
Perry,Ohio
Pickaway,Ohio
Pike,Ohio
Portage,Ohio
Preble,Ohio
Putnam,Ohio
Richland,Ohio
Ross,Ohio
Sandusky,Ohio
Scioto,Ohio
Seneca,Ohio
Shelby,Ohio
Stark,Ohio
Summit,Ohio
Trumbull,Ohio
Tuscarawas,Ohio
Union,Ohio
Van_Wert,Ohio
Vinton,Ohio
Warren,Ohio
Washington,Ohio
Wayne,Ohio
Williams,Ohio
Wood,Ohio
Wyandot,Ohio
Adair,Oklahoma
Alfalfa,Oklahoma
Atoka,Oklahoma
Beaver,Oklahoma
Beckham,Oklahoma
Blaine,Oklahoma
Bryan,Oklahoma
Caddo,Oklahoma
Canadian,Oklahoma
Carter,Oklahoma
Cherokee,Oklahoma
Choctaw,Oklahoma
Cimarron,Oklahoma
Cleveland,Oklahoma
Coal,Oklahoma
Comanche,Oklahoma
Cotton,Oklahoma
Craig,Oklahoma
Creek,Oklahoma
Custer,Oklahoma
Delaware,Oklahoma
Dewey,Oklahoma
Ellis,Oklahoma
Garfield,Oklahoma
Garvin,Oklahoma
Grady,Oklahoma
Grant,Oklahoma
Greer,Oklahoma
Harmon,Oklahoma
Harper,Oklahoma
Haskell,Oklahoma
Hughes,Oklahoma
Jackson,Oklahoma
Jefferson,Oklahoma
Johnston,Oklahoma
Kay,Oklahoma
Kingfisher,Oklahoma
Kiowa,Oklahoma
Latimer,Oklahoma
Le_Flore,Oklahoma
Lincoln,Oklahoma
Logan,Oklahoma
Love,Oklahoma
McClain,Oklahoma
McCurtain,Oklahoma
McIntosh,Oklahoma
Major,Oklahoma
Marshall,Oklahoma
Mayes,Oklahoma
Murray,Oklahoma
Muskogee,Oklahoma
Noble,Oklahoma
Nowata,Oklahoma
Okfuskee,Oklahoma
Oklahoma,Oklahoma
Okmulgee,Oklahoma
Osage,Oklahoma
Ottawa,Oklahoma
Pawnee,Oklahoma
Payne,Oklahoma
Pittsburg,Oklahoma
Pontotoc,Oklahoma
Pottawatomie,Oklahoma
Pushmataha,Oklahoma
Roger_Mills,Oklahoma
Rogers,Oklahoma
Seminole,Oklahoma
Sequoyah,Oklahoma
Stephens,Oklahoma
Texas,Oklahoma
Tillman,Oklahoma
Tulsa,Oklahoma
Wagoner,Oklahoma
Washington,Oklahoma
Washita,Oklahoma
Woods,Oklahoma
Woodward,Oklahoma
Baker,Oregon
Benton,Oregon
Clackamas,Oregon
Clatsop,Oregon
Columbia,Oregon
Coos,Oregon
Crook,Oregon
Curry,Oregon
Deschutes,Oregon
Douglas,Oregon
Gilliam,Oregon
Grant,Oregon
Harney,Oregon
Hood_River,Oregon
Jackson,Oregon
Jefferson,Oregon
Josephine,Oregon
Klamath,Oregon
Lake,Oregon
Lane,Oregon
Lincoln,Oregon
Linn,Oregon
Malheur,Oregon
Marion,Oregon
Morrow,Oregon
Multnomah,Oregon
Polk,Oregon
Sherman,Oregon
Tillamook,Oregon
Umatilla,Oregon
Union,Oregon
Wallowa,Oregon
Wasco,Oregon
Washington,Oregon
Wheeler,Oregon
Yamhill,Oregon
Adams,Pennsylvania
Allegheny,Pennsylvania
Armstrong,Pennsylvania
Beaver,Pennsylvania
Bedford,Pennsylvania
Berks,Pennsylvania
Blair,Pennsylvania
Bradford,Pennsylvania
Bucks,Pennsylvania
Butler,Pennsylvania
Cambria,Pennsylvania
Cameron,Pennsylvania
Carbon,Pennsylvania
Centre,Pennsylvania
Chester,Pennsylvania
Clarion,Pennsylvania
Clearfield,Pennsylvania
Clinton,Pennsylvania
Columbia,Pennsylvania
Crawford,Pennsylvania
Cumberland,Pennsylvania
Dauphin,Pennsylvania
Delaware,Pennsylvania
Elk,Pennsylvania
Erie,Pennsylvania
Fayette,Pennsylvania
Forest,Pennsylvania
Franklin,Pennsylvania
Fulton,Pennsylvania
Greene,Pennsylvania
Huntingdon,Pennsylvania
Indiana,Pennsylvania
Jefferson,Pennsylvania
Juniata,Pennsylvania
Lackawanna,Pennsylvania
Lancaster,Pennsylvania
Lawrence,Pennsylvania
Lebanon,Pennsylvania
Lehigh,Pennsylvania
Luzerne,Pennsylvania
Lycoming,Pennsylvania
McKean,Pennsylvania
Mercer,Pennsylvania
Mifflin,Pennsylvania
Monroe,Pennsylvania
Montgomery,Pennsylvania
Montour,Pennsylvania
Northampton,Pennsylvania
Northumberland,Pennsylvania
Perry,Pennsylvania
Philadelphia,Pennsylvania
Pike,Pennsylvania
Potter,Pennsylvania
Schuylkill,Pennsylvania
Snyder,Pennsylvania
Somerset,Pennsylvania
Sullivan,Pennsylvania
Susquehanna,Pennsylvania
Tioga,Pennsylvania
Union,Pennsylvania
Venango,Pennsylvania
Warren,Pennsylvania
Washington,Pennsylvania
Wayne,Pennsylvania
Westmoreland,Pennsylvania
Wyoming,Pennsylvania
York,Pennsylvania
Adjuntas,Puerto_Rico
Aguada,Puerto_Rico
Aguadilla,Puerto_Rico
Aguas_Buenas,Puerto_Rico
Aibonito,Puerto_Rico
Anasco,Puerto_Rico
Arecibo,Puerto_Rico
Arroyo,Puerto_Rico
Barceloneta,Puerto_Rico
Barranquitas,Puerto_Rico
Bayamon,Puerto_Rico
Cabo_Rojo,Puerto_Rico
Caguas,Puerto_Rico
Camuy,Puerto_Rico
Canovanas,Puerto_Rico
Carolina,Puerto_Rico
Catano,Puerto_Rico
Cayey,Puerto_Rico
Ceiba,Puerto_Rico
Ciales,Puerto_Rico
Cidra,Puerto_Rico
Coamo,Puerto_Rico
Comerio,Puerto_Rico
Corozal,Puerto_Rico
Culebra,Puerto_Rico
Dorado,Puerto_Rico
Fajardo,Puerto_Rico
Florida,Puerto_Rico
Guanica,Puerto_Rico
Guayama,Puerto_Rico
Guayanilla,Puerto_Rico
Guaynabo,Puerto_Rico
Gurabo,Puerto_Rico
Hatillo,Puerto_Rico
Hormigueros,Puerto_Rico
Humacao,Puerto_Rico
Isabela,Puerto_Rico
Jayuya,Puerto_Rico
Juana_Diaz,Puerto_Rico
Juncos,Puerto_Rico
Lajas,Puerto_Rico
Lares,Puerto_Rico
Las_Marias,Puerto_Rico
Las_Piedras,Puerto_Rico
Loiza,Puerto_Rico
Luquillo,Puerto_Rico
Manati,Puerto_Rico
Maricao,Puerto_Rico
Maunabo,Puerto_Rico
Mayagüez,Puerto_Rico
Moca,Puerto_Rico
Morovis,Puerto_Rico
Naguabo,Puerto_Rico
Naranjito,Puerto_Rico
Orocovis,Puerto_Rico
Patillas,Puerto_Rico
Penuelas,Puerto_Rico
Ponce,Puerto_Rico
Quebradillas,Puerto_Rico
Rincon,Puerto_Rico
Rio_Grande,Puerto_Rico
Sabana_Grande,Puerto_Rico
Salinas,Puerto_Rico
San_German,Puerto_Rico
San_Juan,Puerto_Rico
San_Lorenzo,Puerto_Rico
San_Sebastian,Puerto_Rico
Santa_Isabel,Puerto_Rico
Toa_Alta,Puerto_Rico
Toa_Baja,Puerto_Rico
Trujillo_Alto,Puerto_Rico
Utuado,Puerto_Rico
Vega_Alta,Puerto_Rico
Vega_Baja,Puerto_Rico
Vieques,Puerto_Rico
Villalba,Puerto_Rico
Yabucoa,Puerto_Rico
Yauco,Puerto_Rico
Bristol,Rhode_Island
Kent,Rhode_Island
Newport,Rhode_Island
Providence,Rhode_Island
Washington,Rhode_Island
Abbeville,South_Carolina
Aiken,South_Carolina
Allendale,South_Carolina
Anderson,South_Carolina
Bamberg,South_Carolina
Barnwell,South_Carolina
Beaufort,South_Carolina
Berkeley,South_Carolina
Calhoun,South_Carolina
Charleston,South_Carolina
Cherokee,South_Carolina
Chester,South_Carolina
Chesterfield,South_Carolina
Clarendon,South_Carolina
Colleton,South_Carolina
Darlington,South_Carolina
Dillon,South_Carolina
Dorchester,South_Carolina
Edgefield,South_Carolina
Fairfield,South_Carolina
Florence,South_Carolina
Georgetown,South_Carolina
Greenville,South_Carolina
Greenwood,South_Carolina
Hampton,South_Carolina
Horry,South_Carolina
Jasper,South_Carolina
Kershaw,South_Carolina
Lancaster,South_Carolina
Laurens,South_Carolina
Lee,South_Carolina
Lexington,South_Carolina
McCormick,South_Carolina
Marion,South_Carolina
Marlboro,South_Carolina
Newberry,South_Carolina
Oconee,South_Carolina
Orangeburg,South_Carolina
Pickens,South_Carolina
Richland,South_Carolina
Saluda,South_Carolina
Spartanburg,South_Carolina
Sumter,South_Carolina
Union,South_Carolina
Williamsburg,South_Carolina
York,South_Carolina
Aurora,South_Dakota
Beadle,South_Dakota
Bennett,South_Dakota
Bon_Homme,South_Dakota
Brookings,South_Dakota
Brown,South_Dakota
Brule,South_Dakota
Buffalo,South_Dakota
Butte,South_Dakota
Campbell,South_Dakota
Charles_Mix,South_Dakota
Clark,South_Dakota
Clay,South_Dakota
Codington,South_Dakota
Corson,South_Dakota
Custer,South_Dakota
Davison,South_Dakota
Day,South_Dakota
Deuel,South_Dakota
Dewey,South_Dakota
Douglas,South_Dakota
Edmunds,South_Dakota
Fall_River,South_Dakota
Faulk,South_Dakota
Grant,South_Dakota
Gregory,South_Dakota
Haakon,South_Dakota
Hamlin,South_Dakota
Hand,South_Dakota
Hanson,South_Dakota
Harding,South_Dakota
Hughes,South_Dakota
Hutchinson,South_Dakota
Hyde,South_Dakota
Jackson,South_Dakota
Jerauld,South_Dakota
Jones,South_Dakota
Kingsbury,South_Dakota
Lake,South_Dakota
Lawrence,South_Dakota
Lincoln,South_Dakota
Lyman,South_Dakota
McCook,South_Dakota
McPherson,South_Dakota
Marshall,South_Dakota
Meade,South_Dakota
Mellette,South_Dakota
Miner,South_Dakota
Minnehaha,South_Dakota
Moody,South_Dakota
Oglala_Lakota,South_Dakota
Pennington,South_Dakota
Perkins,South_Dakota
Potter,South_Dakota
Roberts,South_Dakota
Sanborn,South_Dakota
Spink,South_Dakota
Stanley,South_Dakota
Sully,South_Dakota
Todd,South_Dakota
Tripp,South_Dakota
Turner,South_Dakota
Union,South_Dakota
Walworth,South_Dakota
Yankton,South_Dakota
Ziebach,South_Dakota
Anderson,Tennessee
Bedford,Tennessee
Benton,Tennessee
Bledsoe,Tennessee
Blount,Tennessee
Bradley,Tennessee
Campbell,Tennessee
Cannon,Tennessee
Carroll,Tennessee
Carter,Tennessee
Cheatham,Tennessee
Chester,Tennessee
Claiborne,Tennessee
Clay,Tennessee
Cocke,Tennessee
Coffee,Tennessee
Crockett,Tennessee
Cumberland,Tennessee
Davidson,Tennessee
Decatur,Tennessee
DeKalb,Tennessee
Dickson,Tennessee
Dyer,Tennessee
Fayette,Tennessee
Fentress,Tennessee
Franklin,Tennessee
Gibson,Tennessee
Giles,Tennessee
Grainger,Tennessee
Greene,Tennessee
Grundy,Tennessee
Hamblen,Tennessee
Hamilton,Tennessee
Hancock,Tennessee
Hardeman,Tennessee
Hardin,Tennessee
Hawkins,Tennessee
Haywood,Tennessee
Henderson,Tennessee
Henry,Tennessee
Hickman,Tennessee
Houston,Tennessee
Humphreys,Tennessee
Jackson,Tennessee
Jefferson,Tennessee
Johnson,Tennessee
Knox,Tennessee
Lake,Tennessee
Lauderdale,Tennessee
Lawrence,Tennessee
Lewis,Tennessee
Lincoln,Tennessee
Loudon,Tennessee
McMinn,Tennessee
McNairy,Tennessee
Macon,Tennessee
Madison,Tennessee
Marion,Tennessee
Marshall,Tennessee
Maury,Tennessee
Meigs,Tennessee
Monroe,Tennessee
Montgomery,Tennessee
Moore,Tennessee
Morgan,Tennessee
Obion,Tennessee
Overton,Tennessee
Perry,Tennessee
Pickett,Tennessee
Polk,Tennessee
Putnam,Tennessee
Rhea,Tennessee
Roane,Tennessee
Robertson,Tennessee
Rutherford,Tennessee
Scott,Tennessee
Sequatchie,Tennessee
Sevier,Tennessee
Shelby,Tennessee
Smith,Tennessee
Stewart,Tennessee
Sullivan,Tennessee
Sumner,Tennessee
Tipton,Tennessee
Trousdale,Tennessee
Unicoi,Tennessee
Union,Tennessee
Van_Buren,Tennessee
Warren,Tennessee
Washington,Tennessee
Wayne,Tennessee
Weakley,Tennessee
White,Tennessee
Williamson,Tennessee
Wilson,Tennessee
Anderson,Texas
Andrews,Texas
Angelina,Texas
Aransas,Texas
Archer,Texas
Armstrong,Texas
Atascosa,Texas
Austin,Texas
Bailey,Texas
Bandera,Texas
Bastrop,Texas
Baylor,Texas
Bee,Texas
Bell,Texas
Bexar,Texas
Blanco,Texas
Borden,Texas
Bosque,Texas
Bowie,Texas
Brazoria,Texas
Brazos,Texas
Brewster,Texas
Briscoe,Texas
Brooks,Texas
Brown,Texas
Burleson,Texas
Burnet,Texas
Caldwell,Texas
Calhoun,Texas
Callahan,Texas
Cameron,Texas
Camp,Texas
Carson,Texas
Cass,Texas
Castro,Texas
Chambers,Texas
Cherokee,Texas
Childress,Texas
Clay,Texas
Cochran,Texas
Coke,Texas
Coleman,Texas
Collin,Texas
Collingsworth,Texas
Colorado,Texas
Comal,Texas
Comanche,Texas
Concho,Texas
Cooke,Texas
Coryell,Texas
Cottle,Texas
Crane,Texas
Crockett,Texas
Crosby,Texas
Culberson,Texas
Dallam,Texas
Dallas,Texas
Dawson,Texas
Deaf_Smith,Texas
Delta,Texas
Denton,Texas
DeWitt,Texas
Dickens,Texas
Dimmit,Texas
Donley,Texas
Duval,Texas
Eastland,Texas
Ector,Texas
Edwards,Texas
Ellis,Texas
El_Paso,Texas
Erath,Texas
Falls,Texas
Fannin,Texas
Fayette,Texas
Fisher,Texas
Floyd,Texas
Foard,Texas
Fort_Bend,Texas
Franklin,Texas
Freestone,Texas
Frio,Texas
Gaines,Texas
Galveston,Texas
Garza,Texas
Gillespie,Texas
Glasscock,Texas
Goliad,Texas
Gonzales,Texas
Gray,Texas
Grayson,Texas
Gregg,Texas
Grimes,Texas
Guadalupe,Texas
Hale,Texas
Hall,Texas
Hamilton,Texas
Hansford,Texas
Hardeman,Texas
Hardin,Texas
Harris,Texas
Harrison,Texas
Hartley,Texas
Haskell,Texas
Hays,Texas
Hemphill,Texas
Henderson,Texas
Hidalgo,Texas
Hill,Texas
Hockley,Texas
Hood,Texas
Hopkins,Texas
Houston,Texas
Howard,Texas
Hudspeth,Texas
Hunt,Texas
Hutchinson,Texas
Irion,Texas
Jack,Texas
Jackson,Texas
Jasper,Texas
Jeff_Davis,Texas
Jefferson,Texas
Jim_Hogg,Texas
Jim_Wells,Texas
Johnson,Texas
Jones,Texas
Karnes,Texas
Kaufman,Texas
Kendall,Texas
Kenedy,Texas
Kent,Texas
Kerr,Texas
Kimble,Texas
King,Texas
Kinney,Texas
Kleberg,Texas
Knox,Texas
Lamar,Texas
Lamb,Texas
Lampasas,Texas
La_Salle,Texas
Lavaca,Texas
Lee,Texas
Leon,Texas
Liberty,Texas
Limestone,Texas
Lipscomb,Texas
Live_Oak,Texas
Llano,Texas
Loving,Texas
Lubbock,Texas
Lynn,Texas
McCulloch,Texas
McLennan,Texas
McMullen,Texas
Madison,Texas
Marion,Texas
Martin,Texas
Mason,Texas
Matagorda,Texas
Maverick,Texas
Medina,Texas
Menard,Texas
Midland,Texas
Milam,Texas
Mills,Texas
Mitchell,Texas
Montague,Texas
Montgomery,Texas
Moore,Texas
Morris,Texas
Motley,Texas
Nacogdoches,Texas
Navarro,Texas
Newton,Texas
Nolan,Texas
Nueces,Texas
Ochiltree,Texas
Oldham,Texas
Orange,Texas
Palo_Pinto,Texas
Panola,Texas
Parker,Texas
Parmer,Texas
Pecos,Texas
Polk,Texas
Potter,Texas
Presidio,Texas
Rains,Texas
Randall,Texas
Reagan,Texas
Real,Texas
Red_River,Texas
Reeves,Texas
Refugio,Texas
Roberts,Texas
Robertson,Texas
Rockwall,Texas
Runnels,Texas
Rusk,Texas
Sabine,Texas
San_Augustine,Texas
San_Jacinto,Texas
San_Patricio,Texas
San_Saba,Texas
Schleicher,Texas
Scurry,Texas
Shackelford,Texas
Shelby,Texas
Sherman,Texas
Smith,Texas
Somervell,Texas
Starr,Texas
Stephens,Texas
Sterling,Texas
Stonewall,Texas
Sutton,Texas
Swisher,Texas
Tarrant,Texas
Taylor,Texas
Terrell,Texas
Terry,Texas
Throckmorton,Texas
Titus,Texas
Tom_Green,Texas
Travis,Texas
Trinity,Texas
Tyler,Texas
Upshur,Texas
Upton,Texas
Uvalde,Texas
Val_Verde,Texas
Van_Zandt,Texas
Victoria,Texas
Walker,Texas
Waller,Texas
Ward,Texas
Washington,Texas
Webb,Texas
Wharton,Texas
Wheeler,Texas
Wichita,Texas
Wilbarger,Texas
Willacy,Texas
Williamson,Texas
Wilson,Texas
Winkler,Texas
Wise,Texas
Wood,Texas
Yoakum,Texas
Young,Texas
Zapata,Texas
Zavala,Texas
Bajo_Nuevo_Bank,US_Minor_Outlying_Islands
Baker_Island,US_Minor_Outlying_Islands
Howland_Island,US_Minor_Outlying_Islands
Jarvis_Island,US_Minor_Outlying_Islands
Johnston_Atoll,US_Minor_Outlying_Islands
Kingman_Reef,US_Minor_Outlying_Islands
Midway_Islands,US_Minor_Outlying_Islands
Navassa_Island,US_Minor_Outlying_Islands
Palmyra_Atoll,US_Minor_Outlying_Islands
Serranilla_Bank,US_Minor_Outlying_Islands
Wake_Island,US_Minor_Outlying_Islands
Beaver,Utah
Box_Elder,Utah
Cache,Utah
Carbon,Utah
Daggett,Utah
Davis,Utah
Duchesne,Utah
Emery,Utah
Garfield,Utah
Grand,Utah
Iron,Utah
Juab,Utah
Kane,Utah
Millard,Utah
Morgan,Utah
Piute,Utah
Rich,Utah
Salt_Lake,Utah
San_Juan,Utah
Sanpete,Utah
Sevier,Utah
Summit,Utah
Tooele,Utah
Uintah,Utah
Utah,Utah
Wasatch,Utah
Washington,Utah
Wayne,Utah
Weber,Utah
Addison,Vermont
Bennington,Vermont
Caledonia,Vermont
Chittenden,Vermont
Essex,Vermont
Franklin,Vermont
Grand_Isle,Vermont
Lamoille,Vermont
Orange,Vermont
Orleans,Vermont
Rutland,Vermont
Washington,Vermont
Windham,Vermont
Windsor,Vermont
Saint_Croix_Island,Virgin_Islands
Saint_John_Island,Virgin_Islands
Saint_Thomas_Island,Virgin_Islands
Accomack,Virginia
Albemarle,Virginia
Alleghany,Virginia
Amelia,Virginia
Amherst,Virginia
Appomattox,Virginia
Arlington,Virginia
Augusta,Virginia
Bath,Virginia
Bedford,Virginia
Bland,Virginia
Botetourt,Virginia
Brunswick,Virginia
Buchanan,Virginia
Buckingham,Virginia
Campbell,Virginia
Caroline,Virginia
Carroll,Virginia
Charles_City,Virginia
Charlotte,Virginia
Chesterfield,Virginia
Clarke,Virginia
Craig,Virginia
Culpeper,Virginia
Cumberland,Virginia
Dickenson,Virginia
Dinwiddie,Virginia
Essex,Virginia
Fairfax,Virginia
Fauquier,Virginia
Floyd,Virginia
Fluvanna,Virginia
Franklin,Virginia
Frederick,Virginia
Giles,Virginia
Gloucester,Virginia
Goochland,Virginia
Grayson,Virginia
Greene,Virginia
Greensville,Virginia
Halifax,Virginia
Hanover,Virginia
Henrico,Virginia
Henry,Virginia
Highland,Virginia
Isle_of_Wight,Virginia
James_City,Virginia
King_and_Queen,Virginia
King_George,Virginia
King_William,Virginia
Lancaster,Virginia
Lee,Virginia
Loudoun,Virginia
Louisa,Virginia
Lunenburg,Virginia
Madison,Virginia
Mathews,Virginia
Mecklenburg,Virginia
Middlesex,Virginia
Montgomery,Virginia
Nelson,Virginia
New_Kent,Virginia
Northampton,Virginia
Northumberland,Virginia
Nottoway,Virginia
Orange,Virginia
Page,Virginia
Patrick,Virginia
Pittsylvania,Virginia
Powhatan,Virginia
Prince_Edward,Virginia
Prince_George,Virginia
Prince_William,Virginia
Pulaski,Virginia
Rappahannock,Virginia
Richmond,Virginia
Roanoke,Virginia
Rockbridge,Virginia
Rockingham,Virginia
Russell,Virginia
Scott,Virginia
Shenandoah,Virginia
Smyth,Virginia
Southampton,Virginia
Spotsylvania,Virginia
Stafford,Virginia
Surry,Virginia
Sussex,Virginia
Tazewell,Virginia
Warren,Virginia
Washington,Virginia
Westmoreland,Virginia
Wise,Virginia
Wythe,Virginia
York,Virginia
Alexandria,Virginia
Bristol,Virginia
Buena_Vista,Virginia
Charlottesville,Virginia
Chesapeake,Virginia
Colonial_Heights,Virginia
Covington,Virginia
Danville,Virginia
Emporia,Virginia
Fairfax,Virginia
Falls_Church,Virginia
Franklin,Virginia
Fredericksburg,Virginia
Galax,Virginia
Hampton,Virginia
Harrisonburg,Virginia
Hopewell,Virginia
Lexington,Virginia
Lynchburg,Virginia
Manassas,Virginia
Manassas_Park,Virginia
Martinsville,Virginia
Newport_News,Virginia
Norfolk,Virginia
Norton,Virginia
Petersburg,Virginia
Poquoson,Virginia
Portsmouth,Virginia
Radford,Virginia
Richmond,Virginia
Roanoke,Virginia
Salem,Virginia
Staunton,Virginia
Suffolk,Virginia
Virginia_Beach,Virginia
Waynesboro,Virginia
Williamsburg,Virginia
Winchester,Virginia
Adams,Washington
Asotin,Washington
Benton,Washington
Chelan,Washington
Clallam,Washington
Clark,Washington
Columbia,Washington
Cowlitz,Washington
Douglas,Washington
Ferry,Washington
Franklin,Washington
Garfield,Washington
Grant,Washington
Grays_Harbor,Washington
Island,Washington
Jefferson,Washington
King,Washington
Kitsap,Washington
Kittitas,Washington
Klickitat,Washington
Lewis,Washington
Lincoln,Washington
Mason,Washington
Okanogan,Washington
Pacific,Washington
Pend_Oreille,Washington
Pierce,Washington
San_Juan,Washington
Skagit,Washington
Skamania,Washington
Snohomish,Washington
Spokane,Washington
Stevens,Washington
Thurston,Washington
Wahkiakum,Washington
Walla_Walla,Washington
Whatcom,Washington
Whitman,Washington
Yakima,Washington
Barbour,West_Virginia
Berkeley,West_Virginia
Boone,West_Virginia
Braxton,West_Virginia
Brooke,West_Virginia
Cabell,West_Virginia
Calhoun,West_Virginia
Clay,West_Virginia
Doddridge,West_Virginia
Fayette,West_Virginia
Gilmer,West_Virginia
Grant,West_Virginia
Greenbrier,West_Virginia
Hampshire,West_Virginia
Hancock,West_Virginia
Hardy,West_Virginia
Harrison,West_Virginia
Jackson,West_Virginia
Jefferson,West_Virginia
Kanawha,West_Virginia
Lewis,West_Virginia
Lincoln,West_Virginia
Logan,West_Virginia
McDowell,West_Virginia
Marion,West_Virginia
Marshall,West_Virginia
Mason,West_Virginia
Mercer,West_Virginia
Mineral,West_Virginia
Mingo,West_Virginia
Monongalia,West_Virginia
Monroe,West_Virginia
Morgan,West_Virginia
Nicholas,West_Virginia
Ohio,West_Virginia
Pendleton,West_Virginia
Pleasants,West_Virginia
Pocahontas,West_Virginia
Preston,West_Virginia
Putnam,West_Virginia
Raleigh,West_Virginia
Randolph,West_Virginia
Ritchie,West_Virginia
Roane,West_Virginia
Summers,West_Virginia
Taylor,West_Virginia
Tucker,West_Virginia
Tyler,West_Virginia
Upshur,West_Virginia
Wayne,West_Virginia
Webster,West_Virginia
Wetzel,West_Virginia
Wirt,West_Virginia
Wood,West_Virginia
Wyoming,West_Virginia
Adams,Wisconsin
Ashland,Wisconsin
Barron,Wisconsin
Bayfield,Wisconsin
Brown,Wisconsin
Buffalo,Wisconsin
Burnett,Wisconsin
Calumet,Wisconsin
Chippewa,Wisconsin
Clark,Wisconsin
Columbia,Wisconsin
Crawford,Wisconsin
Dane,Wisconsin
Dodge,Wisconsin
Door,Wisconsin
Douglas,Wisconsin
Dunn,Wisconsin
Eau_Claire,Wisconsin
Florence,Wisconsin
Fond_du_Lac,Wisconsin
Forest,Wisconsin
Grant,Wisconsin
Green,Wisconsin
Green_Lake,Wisconsin
Iowa,Wisconsin
Iron,Wisconsin
Jackson,Wisconsin
Jefferson,Wisconsin
Juneau,Wisconsin
Kenosha,Wisconsin
Kewaunee,Wisconsin
La_Crosse,Wisconsin
Lafayette,Wisconsin
Langlade,Wisconsin
Lincoln,Wisconsin
Manitowoc,Wisconsin
Marathon,Wisconsin
Marinette,Wisconsin
Marquette,Wisconsin
Menominee,Wisconsin
Milwaukee,Wisconsin
Monroe,Wisconsin
Oconto,Wisconsin
Oneida,Wisconsin
Outagamie,Wisconsin
Ozaukee,Wisconsin
Pepin,Wisconsin
Pierce,Wisconsin
Polk,Wisconsin
Portage,Wisconsin
Price,Wisconsin
Racine,Wisconsin
Richland,Wisconsin
Rock,Wisconsin
Rusk,Wisconsin
St_Croix,Wisconsin
Sauk,Wisconsin
Sawyer,Wisconsin
Shawano,Wisconsin
Sheboygan,Wisconsin
Taylor,Wisconsin
Trempealeau,Wisconsin
Vernon,Wisconsin
Vilas,Wisconsin
Walworth,Wisconsin
Washburn,Wisconsin
Washington,Wisconsin
Waukesha,Wisconsin
Waupaca,Wisconsin
Waushara,Wisconsin
Winnebago,Wisconsin
Wood,Wisconsin
Albany,Wyoming
Big_Horn,Wyoming
Campbell,Wyoming
Carbon,Wyoming
Converse,Wyoming
Crook,Wyoming
Fremont,Wyoming
Goshen,Wyoming
Hot_Springs,Wyoming
Johnson,Wyoming
Laramie,Wyoming
Lincoln,Wyoming
Natrona,Wyoming
Niobrara,Wyoming
Park,Wyoming
Platte,Wyoming
Sheridan,Wyoming
Sublette,Wyoming
Sweetwater,Wyoming
Teton,Wyoming
Uinta,Wyoming
Washakie,Wyoming
Weston,Wyoming
